{
    "matrix": [
        [
            1672.5211635410878,
            0.0,
            941.0809245535223
        ],
        [
            0.0,
            1580.9003319600274,
            919.1096127951279
        ],
        [
            0.0,
            0.0,
            1.0
        ]
    ],
    "distort": [
        [
            -0.5751546526794153,
            -0.01886640562574335,
            -0.07850509223508521,
            -0.0050735600793022,
            0.38932661499478016
        ]
    ],
    "rotate_vectors": [
        [
            [
                2.761989509077181
            ],
            [
                0.9514798498925158
            ],
            [
                -0.17176139874134766
            ]
        ],
        [
            [
                2.795442355497036
            ],
            [
                -0.7704814690921882
            ],
            [
                0.0865817045825138
            ]
        ],
        [
            [
                -2.67503073355575
            ],
            [
                0.002145208040738307
            ],
            [
                -0.38156404960752327
            ]
        ],
        [
            [
                -2.699860806030293
            ],
            [
                -0.5649816956189035
            ],
            [
                -0.5973305312112599
            ]
        ],
        [
            [
                2.101263676393638
            ],
            [
                2.2667600633881597
            ],
            [
                0.9718838490330548
            ]
        ],
        [
            [
                -2.6007260347659322
            ],
            [
                -1.111541880872935
            ],
            [
                0.31669998735803706
            ]
        ],
        [
            [
                -2.5217578554009625
            ],
            [
                -1.2087729365559108
            ],
            [
                0.13826804544534854
            ]
        ],
        [
            [
                0.8421482912557277
            ],
            [
                -2.8268605568631435
            ],
            [
                -0.1957265322110543
            ]
        ],
        [
            [
                0.7577930745723893
            ],
            [
                -2.6582186036239555
            ],
            [
                -0.450427695822609
            ]
        ],
        [
            [
                0.5310527437631228
            ],
            [
                -2.970041034836412
            ],
            [
                -0.3870070353744057
            ]
        ],
        [
            [
                0.7015180390323826
            ],
            [
                -2.785680472967932
            ],
            [
                -0.44779833790868384
            ]
        ],
        [
            [
                0.19155249415354247
            ],
            [
                -3.0508928732877543
            ],
            [
                0.384887963931795
            ]
        ],
        [
            [
                -1.7706695548703817
            ],
            [
                2.66820161982588
            ],
            [
                -0.28354485990713085
            ]
        ],
        [
            [
                1.8382783020474054
            ],
            [
                -2.1796584538754598
            ],
            [
                0.3338120739131891
            ]
        ],
        [
            [
                1.473089032677125
            ],
            [
                -2.547608033095561
            ],
            [
                0.4352850102891373
            ]
        ],
        [
            [
                0.9696297602787587
            ],
            [
                -2.7083833907495687
            ],
            [
                0.22962654306248717
            ]
        ],
        [
            [
                1.2469649861179284
            ],
            [
                -2.5545973251095946
            ],
            [
                0.26158132556686226
            ]
        ],
        [
            [
                2.2023370147338097
            ],
            [
                -1.7555937053463535
            ],
            [
                0.24988475891013415
            ]
        ],
        [
            [
                1.675131545539707
            ],
            [
                -2.516905001469586
            ],
            [
                0.2903154501740194
            ]
        ]
    ],